{ "_t" : "BH.oM.Structure.MaterialFragments.Concrete", "BHoM_Guid" : "5cbdcf32-9f48-433d-9d25-e140256cbca5", "Name" : "C12/15", "Tags" : [], "CustomData" : { }, "Density" : 2548.5376999999999, "DampingRatio" : 0.0, "PoissonsRatio" : 0.20000000000000001, "ThermalExpansionCoeff" : 1.0000000000000001E-05, "YoungsModulus" : 27000000000.0, "CylinderStrength" : 12000000.0, "CubeStrength" : 15000000.0 }
{ "_t" : "BH.oM.Structure.MaterialFragments.Concrete", "BHoM_Guid" : "264c61dd-014d-4454-b3a2-98d0de169d0d", "Name" : "C16/20", "Tags" : [], "CustomData" : { }, "Density" : 2548.5376999999999, "DampingRatio" : 0.0, "PoissonsRatio" : 0.20000000000000001, "ThermalExpansionCoeff" : 1.0000000000000001E-05, "YoungsModulus" : 29000000000.0, "CylinderStrength" : 16000000.0, "CubeStrength" : 20000000.0 }
{ "_t" : "BH.oM.Structure.MaterialFragments.Concrete", "BHoM_Guid" : "b0ec9cb1-fb7c-4414-841d-4222f88cdd49", "Name" : "C20/25", "Tags" : [], "CustomData" : { }, "Density" : 2548.5376999999999, "DampingRatio" : 0.0, "PoissonsRatio" : 0.20000000000000001, "ThermalExpansionCoeff" : 1.0000000000000001E-05, "YoungsModulus" : 30000000000.0, "CylinderStrength" : 20000000.0, "CubeStrength" : 25000000.0 }
{ "_t" : "BH.oM.Structure.MaterialFragments.Concrete", "BHoM_Guid" : "c906f44f-4077-4c66-b6c8-9eb065b575e5", "Name" : "C25/30", "Tags" : [], "CustomData" : { }, "Density" : 2548.5376999999999, "DampingRatio" : 0.0, "PoissonsRatio" : 0.20000000000000001, "ThermalExpansionCoeff" : 1.0000000000000001E-05, "YoungsModulus" : 31000000000.0, "CylinderStrength" : 25000000.0, "CubeStrength" : 30000000.0 }
{ "_t" : "BH.oM.Structure.MaterialFragments.Concrete", "BHoM_Guid" : "647d6ed4-4a60-4f7d-b7a1-4d13fa15b04a", "Name" : "C30/37", "Tags" : [], "CustomData" : { }, "Density" : 2548.5376999999999, "DampingRatio" : 0.0, "PoissonsRatio" : 0.20000000000000001, "ThermalExpansionCoeff" : 1.0000000000000001E-05, "YoungsModulus" : 33000000000.0, "CylinderStrength" : 30000000.0, "CubeStrength" : 37000000.0 }
{ "_t" : "BH.oM.Structure.MaterialFragments.Concrete", "BHoM_Guid" : "3c80a7cf-5f27-4888-ad0b-83123dee6004", "Name" : "C35/45", "Tags" : [], "CustomData" : { }, "Density" : 2548.5376999999999, "DampingRatio" : 0.0, "PoissonsRatio" : 0.20000000000000001, "ThermalExpansionCoeff" : 1.0000000000000001E-05, "YoungsModulus" : 34000000000.0, "CylinderStrength" : 35000000.0, "CubeStrength" : 45000000.0 }
{ "_t" : "BH.oM.Structure.MaterialFragments.Concrete", "BHoM_Guid" : "4c6dcb74-7734-4cf0-91d7-ef634871986f", "Name" : "C40/50", "Tags" : [], "CustomData" : { }, "Density" : 2548.5376999999999, "DampingRatio" : 0.0, "PoissonsRatio" : 0.20000000000000001, "ThermalExpansionCoeff" : 1.0000000000000001E-05, "YoungsModulus" : 35000000000.0, "CylinderStrength" : 40000000.0, "CubeStrength" : 50000000.0 }
{ "_t" : "BH.oM.Structure.MaterialFragments.Concrete", "BHoM_Guid" : "32b76209-fa2b-42fd-ad59-821e478cb955", "Name" : "C45/55", "Tags" : [], "CustomData" : { }, "Density" : 2548.5376999999999, "DampingRatio" : 0.0, "PoissonsRatio" : 0.20000000000000001, "ThermalExpansionCoeff" : 1.0000000000000001E-05, "YoungsModulus" : 36000000000.0, "CylinderStrength" : 45000000.0, "CubeStrength" : 55000000.0 }
{ "_t" : "BH.oM.Structure.MaterialFragments.Concrete", "BHoM_Guid" : "7e62143c-2679-4df4-b146-c9f73b85b415", "Name" : "C50/60", "Tags" : [], "CustomData" : { }, "Density" : 2548.5376999999999, "DampingRatio" : 0.0, "PoissonsRatio" : 0.20000000000000001, "ThermalExpansionCoeff" : 1.0000000000000001E-05, "YoungsModulus" : 37000000000.0, "CylinderStrength" : 50000000.0, "CubeStrength" : 60000000.0 }
{ "_t" : "BH.oM.Structure.MaterialFragments.Concrete", "BHoM_Guid" : "72e6bf0b-f876-4398-937d-4bdee8bb1d06", "Name" : "C55/67", "Tags" : [], "CustomData" : { }, "Density" : 2548.5376999999999, "DampingRatio" : 0.0, "PoissonsRatio" : 0.20000000000000001, "ThermalExpansionCoeff" : 1.0000000000000001E-05, "YoungsModulus" : 38000000000.0, "CylinderStrength" : 55000000.0, "CubeStrength" : 67000000.0 }
{ "_t" : "BH.oM.Structure.MaterialFragments.Concrete", "BHoM_Guid" : "db28b581-ddc1-4565-a6ed-cd87da376a55", "Name" : "C60/75", "Tags" : [], "CustomData" : { }, "Density" : 2548.5376999999999, "DampingRatio" : 0.0, "PoissonsRatio" : 0.20000000000000001, "ThermalExpansionCoeff" : 1.0000000000000001E-05, "YoungsModulus" : 39000000000.0, "CylinderStrength" : 60000000.0, "CubeStrength" : 75000000.0 }
{ "_t" : "BH.oM.Structure.MaterialFragments.Concrete", "BHoM_Guid" : "85780397-3443-4a0f-b3b2-07f8e6491c93", "Name" : "C70/85", "Tags" : [], "CustomData" : { }, "Density" : 2548.5376999999999, "DampingRatio" : 0.0, "PoissonsRatio" : 0.20000000000000001, "ThermalExpansionCoeff" : 1.0000000000000001E-05, "YoungsModulus" : 41000000000.0, "CylinderStrength" : 70000000.0, "CubeStrength" : 85000000.0 }
{ "_t" : "BH.oM.Structure.MaterialFragments.Concrete", "BHoM_Guid" : "913a4e62-7ace-466f-b934-66ed6a075207", "Name" : "C80/95", "Tags" : [], "CustomData" : { }, "Density" : 2548.5376999999999, "DampingRatio" : 0.0, "PoissonsRatio" : 0.20000000000000001, "ThermalExpansionCoeff" : 1.0000000000000001E-05, "YoungsModulus" : 42000000000.0, "CylinderStrength" : 80000000.0, "CubeStrength" : 95000000.0 }
{ "_t" : "BH.oM.Structure.MaterialFragments.Concrete", "BHoM_Guid" : "66d247f5-3bcc-465b-b611-92afe8284658", "Name" : "C90/105", "Tags" : [], "CustomData" : { }, "Density" : 2548.5376999999999, "DampingRatio" : 0.0, "PoissonsRatio" : 0.20000000000000001, "ThermalExpansionCoeff" : 1.0000000000000001E-05, "YoungsModulus" : 44000000000.0, "CylinderStrength" : 90000000.0, "CubeStrength" : 105000000.0 }
