{ "_t" : "BH.oM.Structure.MaterialFragments.Concrete", "BHoM_Guid" : "7d67f8f9-e977-4176-88c6-e06875845fa4", "Name" : "C12/15", "Tags" : [], "CustomData" : { }, "Density" : 2548.5376999999999, "DampingRatio" : 0.0, "PoissonsRatio" : 0.20000000000000001, "ThermalExpansionCoeff" : 1.0000000000000001E-05, "YoungsModulus" : 27000000000.0, "CylinderStrength" : 12000000.0, "CubeStrength" : 15000000.0, "Models" : null }
{ "_t" : "BH.oM.Structure.MaterialFragments.Concrete", "BHoM_Guid" : "bdb3ebb9-f4d1-47eb-b63a-e4422bf19474", "Name" : "C16/20", "Tags" : [], "CustomData" : { }, "Density" : 2548.5376999999999, "DampingRatio" : 0.0, "PoissonsRatio" : 0.20000000000000001, "ThermalExpansionCoeff" : 1.0000000000000001E-05, "YoungsModulus" : 29000000000.0, "CylinderStrength" : 16000000.0, "CubeStrength" : 20000000.0, "Models" : null }
{ "_t" : "BH.oM.Structure.MaterialFragments.Concrete", "BHoM_Guid" : "7f897eed-8682-46f6-9b80-f027c957674c", "Name" : "C20/25", "Tags" : [], "CustomData" : { }, "Density" : 2548.5376999999999, "DampingRatio" : 0.0, "PoissonsRatio" : 0.20000000000000001, "ThermalExpansionCoeff" : 1.0000000000000001E-05, "YoungsModulus" : 30000000000.0, "CylinderStrength" : 20000000.0, "CubeStrength" : 25000000.0, "Models" : null }
{ "_t" : "BH.oM.Structure.MaterialFragments.Concrete", "BHoM_Guid" : "ee8a16d9-6a72-44bc-b1bc-7e526c3084c3", "Name" : "C25/30", "Tags" : [], "CustomData" : { }, "Density" : 2548.5376999999999, "DampingRatio" : 0.0, "PoissonsRatio" : 0.20000000000000001, "ThermalExpansionCoeff" : 1.0000000000000001E-05, "YoungsModulus" : 31000000000.0, "CylinderStrength" : 25000000.0, "CubeStrength" : 30000000.0, "Models" : null }
{ "_t" : "BH.oM.Structure.MaterialFragments.Concrete", "BHoM_Guid" : "71af40d7-1ae4-4f96-a7ac-9761a17d1445", "Name" : "C30/37", "Tags" : [], "CustomData" : { }, "Density" : 2548.5376999999999, "DampingRatio" : 0.0, "PoissonsRatio" : 0.20000000000000001, "ThermalExpansionCoeff" : 1.0000000000000001E-05, "YoungsModulus" : 33000000000.0, "CylinderStrength" : 30000000.0, "CubeStrength" : 37000000.0, "Models" : null }
{ "_t" : "BH.oM.Structure.MaterialFragments.Concrete", "BHoM_Guid" : "c44b573d-8e6c-4644-a1fb-1f8be9e94b1f", "Name" : "C35/45", "Tags" : [], "CustomData" : { }, "Density" : 2548.5376999999999, "DampingRatio" : 0.0, "PoissonsRatio" : 0.20000000000000001, "ThermalExpansionCoeff" : 1.0000000000000001E-05, "YoungsModulus" : 34000000000.0, "CylinderStrength" : 35000000.0, "CubeStrength" : 45000000.0, "Models" : null }
{ "_t" : "BH.oM.Structure.MaterialFragments.Concrete", "BHoM_Guid" : "6c6febc8-aedf-4736-a4e8-ca1a2c74cc73", "Name" : "C40/50", "Tags" : [], "CustomData" : { }, "Density" : 2548.5376999999999, "DampingRatio" : 0.0, "PoissonsRatio" : 0.20000000000000001, "ThermalExpansionCoeff" : 1.0000000000000001E-05, "YoungsModulus" : 35000000000.0, "CylinderStrength" : 40000000.0, "CubeStrength" : 50000000.0, "Models" : null }
{ "_t" : "BH.oM.Structure.MaterialFragments.Concrete", "BHoM_Guid" : "b9b41d17-23ec-49d7-bf4e-eb6e3a885103", "Name" : "C45/55", "Tags" : [], "CustomData" : { }, "Density" : 2548.5376999999999, "DampingRatio" : 0.0, "PoissonsRatio" : 0.20000000000000001, "ThermalExpansionCoeff" : 1.0000000000000001E-05, "YoungsModulus" : 36000000000.0, "CylinderStrength" : 45000000.0, "CubeStrength" : 55000000.0, "Models" : null }
{ "_t" : "BH.oM.Structure.MaterialFragments.Concrete", "BHoM_Guid" : "874c9f54-755f-453b-acf0-5fbb93f61f73", "Name" : "C50/60", "Tags" : [], "CustomData" : { }, "Density" : 2548.5376999999999, "DampingRatio" : 0.0, "PoissonsRatio" : 0.20000000000000001, "ThermalExpansionCoeff" : 1.0000000000000001E-05, "YoungsModulus" : 37000000000.0, "CylinderStrength" : 50000000.0, "CubeStrength" : 60000000.0, "Models" : null }
{ "_t" : "BH.oM.Structure.MaterialFragments.Concrete", "BHoM_Guid" : "c1266fe6-eb95-47dd-9bd5-832190ee2f32", "Name" : "C55/67", "Tags" : [], "CustomData" : { }, "Density" : 2548.5376999999999, "DampingRatio" : 0.0, "PoissonsRatio" : 0.20000000000000001, "ThermalExpansionCoeff" : 1.0000000000000001E-05, "YoungsModulus" : 38000000000.0, "CylinderStrength" : 55000000.0, "CubeStrength" : 67000000.0, "Models" : null }
{ "_t" : "BH.oM.Structure.MaterialFragments.Concrete", "BHoM_Guid" : "b6940068-8ffb-4c33-845d-b5e243af4483", "Name" : "C60/75", "Tags" : [], "CustomData" : { }, "Density" : 2548.5376999999999, "DampingRatio" : 0.0, "PoissonsRatio" : 0.20000000000000001, "ThermalExpansionCoeff" : 1.0000000000000001E-05, "YoungsModulus" : 39000000000.0, "CylinderStrength" : 60000000.0, "CubeStrength" : 75000000.0, "Models" : null }
{ "_t" : "BH.oM.Structure.MaterialFragments.Concrete", "BHoM_Guid" : "9299e544-7313-4f90-b024-9296dc1b33a4", "Name" : "C70/85", "Tags" : [], "CustomData" : { }, "Density" : 2548.5376999999999, "DampingRatio" : 0.0, "PoissonsRatio" : 0.20000000000000001, "ThermalExpansionCoeff" : 1.0000000000000001E-05, "YoungsModulus" : 41000000000.0, "CylinderStrength" : 70000000.0, "CubeStrength" : 85000000.0, "Models" : null }
{ "_t" : "BH.oM.Structure.MaterialFragments.Concrete", "BHoM_Guid" : "ed3b35ac-5b04-40b0-8ce7-44cf3ea44023", "Name" : "C80/95", "Tags" : [], "CustomData" : { }, "Density" : 2548.5376999999999, "DampingRatio" : 0.0, "PoissonsRatio" : 0.20000000000000001, "ThermalExpansionCoeff" : 1.0000000000000001E-05, "YoungsModulus" : 42000000000.0, "CylinderStrength" : 80000000.0, "CubeStrength" : 95000000.0, "Models" : null }
{ "_t" : "BH.oM.Structure.MaterialFragments.Concrete", "BHoM_Guid" : "b650d61b-936b-451f-b1f8-04c88cec2ba0", "Name" : "C90/105", "Tags" : [], "CustomData" : { }, "Density" : 2548.5376999999999, "DampingRatio" : 0.0, "PoissonsRatio" : 0.20000000000000001, "ThermalExpansionCoeff" : 1.0000000000000001E-05, "YoungsModulus" : 44000000000.0, "CylinderStrength" : 90000000.0, "CubeStrength" : 105000000.0, "Models" : null }
