{ "_t" : "BH.oM.Structure.MaterialFragments.Steel", "BHoM_Guid" : "cb2e9190-d8a4-4c65-88a3-a756cb011a23", "Name" : "B500A", "Tags" : [], "CustomData" : { }, "Density" : 7850.0, "DampingRatio" : 0.0, "PoissonsRatio" : 0.29999999999999999, "ThermalExpansionCoeff" : 1.17E-05, "YoungsModulus" : 200000000000.0, "YieldStress" : 500000000.0, "UltimateStress" : 525000000.0 }
{ "_t" : "BH.oM.Structure.MaterialFragments.Steel", "BHoM_Guid" : "07b7eae6-60fc-41ac-9f66-8d436fcee635", "Name" : "B500B", "Tags" : [], "CustomData" : { }, "Density" : 7850.0, "DampingRatio" : 0.0, "PoissonsRatio" : 0.29999999999999999, "ThermalExpansionCoeff" : 1.17E-05, "YoungsModulus" : 200000000000.0, "YieldStress" : 500000000.0, "UltimateStress" : 540000000.0 }
{ "_t" : "BH.oM.Structure.MaterialFragments.Steel", "BHoM_Guid" : "23f8bcf3-77fe-4c2a-a15a-7e3bbd1f8838", "Name" : "B500C", "Tags" : [], "CustomData" : { }, "Density" : 7850.0, "DampingRatio" : 0.0, "PoissonsRatio" : 0.29999999999999999, "ThermalExpansionCoeff" : 1.17E-05, "YoungsModulus" : 200000000000.0, "YieldStress" : 500000000.0, "UltimateStress" : 575000000.0 }
