{ "_t" : "BH.oM.Structure.MaterialFragments.Steel", "BHoM_Guid" : "47fd698b-37cc-4d70-b622-e9381604a846", "Name" : "S235", "Tags" : [], "CustomData" : { }, "Density" : 7850.0, "DampingRatio" : 0.0, "PoissonsRatio" : 0.29999999999999999, "ThermalExpansionCoeff" : 1.2E-05, "YoungsModulus" : 210000000000.0, "YieldStress" : 235000000.0, "UltimateStress" : 360000000.0 }
{ "_t" : "BH.oM.Structure.MaterialFragments.Steel", "BHoM_Guid" : "3f543562-44a5-491c-920e-116755542a30", "Name" : "S275", "Tags" : [], "CustomData" : { }, "Density" : 7850.0, "DampingRatio" : 0.0, "PoissonsRatio" : 0.29999999999999999, "ThermalExpansionCoeff" : 1.2E-05, "YoungsModulus" : 210000000000.0, "YieldStress" : 275000000.0, "UltimateStress" : 430000000.0 }
{ "_t" : "BH.oM.Structure.MaterialFragments.Steel", "BHoM_Guid" : "711e72d2-1ce9-4fea-a428-5fb86148e72d", "Name" : "S355", "Tags" : [], "CustomData" : { }, "Density" : 7850.0, "DampingRatio" : 0.0, "PoissonsRatio" : 0.29999999999999999, "ThermalExpansionCoeff" : 1.2E-05, "YoungsModulus" : 210000000000.0, "YieldStress" : 355000000.0, "UltimateStress" : 490000000.0 }
{ "_t" : "BH.oM.Structure.MaterialFragments.Steel", "BHoM_Guid" : "3da12f6a-5b37-4386-a919-d4c7819f07ba", "Name" : "S450", "Tags" : [], "CustomData" : { }, "Density" : 7850.0, "DampingRatio" : 0.0, "PoissonsRatio" : 0.29999999999999999, "ThermalExpansionCoeff" : 1.2E-05, "YoungsModulus" : 210000000000.0, "YieldStress" : 440000000.0, "UltimateStress" : 550000000.0 }
