{ "_t" : "BH.oM.Structure.MaterialFragments.Concrete", "BHoM_Guid" : "1e356bfa-20cf-4ceb-b2fc-0b551b1290b4", "Name" : "3000psiNW", "Fragments" : [], "Tags" : [], "CustomData" : { }, "Density" : 2402.7750000000001, "DampingRatio" : 0.0, "PoissonsRatio" : 0.20000000000000001, "ThermalExpansionCoeff" : 9.9000000000000001E-06, "YoungsModulus" : 22894460830.408638, "CylinderStrength" : 20684271.0, "CubeStrength" : 0.0, "EmbodiedCarbon" : 0.12 }
{ "_t" : "BH.oM.Structure.MaterialFragments.Concrete", "BHoM_Guid" : "3a8deb8e-9f17-40de-8c86-fca89ce1e0a6", "Name" : "3000psiLW", "Fragments" : [], "Tags" : [], "CustomData" : { }, "Density" : 961.11000000000001, "DampingRatio" : 0.0, "PoissonsRatio" : 0.20000000000000001, "ThermalExpansionCoeff" : 9.9000000000000001E-06, "YoungsModulus" : 5791891362.0480986, "CylinderStrength" : 20684271.0, "CubeStrength" : 0.0, "EmbodiedCarbon" : 0.12 }
{ "_t" : "BH.oM.Structure.MaterialFragments.Concrete", "BHoM_Guid" : "f78cf582-c1a7-437c-a138-671b0185d19a", "Name" : "4000psiNW", "Fragments" : [], "Tags" : [], "CustomData" : { }, "Density" : 2402.7750000000001, "DampingRatio" : 0.0, "PoissonsRatio" : 0.20000000000000001, "ThermalExpansionCoeff" : 9.9000000000000001E-06, "YoungsModulus" : 26436246246.775539, "CylinderStrength" : 27579028.0, "CubeStrength" : 0.0, "EmbodiedCarbon" : 0.12 }
{ "_t" : "BH.oM.Structure.MaterialFragments.Concrete", "BHoM_Guid" : "7b75c428-4514-49f7-a854-dd7cf63a8408", "Name" : "4000psiLW", "Fragments" : [], "Tags" : [], "CustomData" : { }, "Density" : 961.11000000000001, "DampingRatio" : 0.0, "PoissonsRatio" : 0.20000000000000001, "ThermalExpansionCoeff" : 9.9000000000000001E-06, "YoungsModulus" : 6687900073.9910755, "CylinderStrength" : 27579028.0, "CubeStrength" : 0.0, "EmbodiedCarbon" : 0.12 }
{ "_t" : "BH.oM.Structure.MaterialFragments.Concrete", "BHoM_Guid" : "f5709220-3376-43d7-8de8-9dbf06f724fb", "Name" : "5000psiNW", "Fragments" : [], "Tags" : [], "CustomData" : { }, "Density" : 2402.7750000000001, "DampingRatio" : 0.0, "PoissonsRatio" : 0.20000000000000001, "ThermalExpansionCoeff" : 9.9000000000000001E-06, "YoungsModulus" : 29556621838.856892, "CylinderStrength" : 34473785.0, "CubeStrength" : 0.0, "EmbodiedCarbon" : 0.12 }
{ "_t" : "BH.oM.Structure.MaterialFragments.Concrete", "BHoM_Guid" : "e85d8fe0-53aa-4607-bf99-cab789a89e23", "Name" : "5000psiLW", "Fragments" : [], "Tags" : [], "CustomData" : { }, "Density" : 961.11000000000001, "DampingRatio" : 0.0, "PoissonsRatio" : 0.20000000000000001, "ThermalExpansionCoeff" : 9.9000000000000001E-06, "YoungsModulus" : 7477299596.084959, "CylinderStrength" : 34473785.0, "CubeStrength" : 0.0, "EmbodiedCarbon" : 0.12 }
{ "_t" : "BH.oM.Structure.MaterialFragments.Concrete", "BHoM_Guid" : "9e2a9f77-29c4-4c0f-991a-d8c746912abe", "Name" : "6000psiNW", "Fragments" : [], "Tags" : [], "CustomData" : { }, "Density" : 2402.7750000000001, "DampingRatio" : 0.0, "PoissonsRatio" : 0.20000000000000001, "ThermalExpansionCoeff" : 9.9000000000000001E-06, "YoungsModulus" : 32377657009.583488, "CylinderStrength" : 41368542.0, "CubeStrength" : 0.0, "EmbodiedCarbon" : 0.12 }
{ "_t" : "BH.oM.Structure.MaterialFragments.Concrete", "BHoM_Guid" : "9b764d80-e26a-4d03-b27d-687af61e2000", "Name" : "6000psiLW", "Fragments" : [], "Tags" : [], "CustomData" : { }, "Density" : 961.11000000000001, "DampingRatio" : 0.0, "PoissonsRatio" : 0.20000000000000001, "ThermalExpansionCoeff" : 9.9000000000000001E-06, "YoungsModulus" : 8190971316.0, "CylinderStrength" : 41368542.0, "CubeStrength" : 0.0, "EmbodiedCarbon" : 0.12 }
{ "_t" : "BH.oM.Structure.MaterialFragments.Concrete", "BHoM_Guid" : "e1473e5b-3ad5-4665-bab6-1a56bb2ee115", "Name" : "8000psiNW", "Fragments" : [], "Tags" : [], "CustomData" : { }, "Density" : 2402.7750000000001, "DampingRatio" : 0.0, "PoissonsRatio" : 0.20000000000000001, "ThermalExpansionCoeff" : 9.9000000000000001E-06, "YoungsModulus" : 37386497980.424805, "CylinderStrength" : 55158056.0, "CubeStrength" : 0.0, "EmbodiedCarbon" : 0.12 }
{ "_t" : "BH.oM.Structure.MaterialFragments.Concrete", "BHoM_Guid" : "cae394c2-7ee1-41ed-ae3d-22f5d59c17c4", "Name" : "8000psiLW", "Fragments" : [], "Tags" : [], "CustomData" : { }, "Density" : 961.11000000000001, "DampingRatio" : 0.0, "PoissonsRatio" : 0.20000000000000001, "ThermalExpansionCoeff" : 9.9000000000000001E-06, "YoungsModulus" : 9458118988.434206, "CylinderStrength" : 55158056.0, "CubeStrength" : 0.0, "EmbodiedCarbon" : 0.12 }
{ "_t" : "BH.oM.Structure.MaterialFragments.Concrete", "BHoM_Guid" : "b62a5801-59f1-4d56-af16-ec11b963a347", "Name" : "10000psiNW", "Fragments" : [], "Tags" : [], "CustomData" : { }, "Density" : 2402.7750000000001, "DampingRatio" : 0.0, "PoissonsRatio" : 0.20000000000000001, "ThermalExpansionCoeff" : 9.9000000000000001E-06, "YoungsModulus" : 41799375462.444229, "CylinderStrength" : 68947570.0, "CubeStrength" : 0.0, "EmbodiedCarbon" : 0.12 }
{ "_t" : "BH.oM.Structure.MaterialFragments.Concrete", "BHoM_Guid" : "0625c9a3-812c-44ae-acf0-2a91858352ea", "Name" : "10000psiLW", "Fragments" : [], "Tags" : [], "CustomData" : { }, "Density" : 961.11000000000001, "DampingRatio" : 0.0, "PoissonsRatio" : 0.20000000000000001, "ThermalExpansionCoeff" : 9.9000000000000001E-06, "YoungsModulus" : 10574498498.710215, "CylinderStrength" : 68947570.0, "CubeStrength" : 0.0, "EmbodiedCarbon" : 0.12 }
{ "_t" : "BH.oM.Structure.MaterialFragments.Concrete", "BHoM_Guid" : "682d132d-23f6-4042-a607-cfcc2aa66152", "Name" : "12000psiNW", "Fragments" : [], "Tags" : [], "CustomData" : { }, "Density" : 2402.7750000000001, "DampingRatio" : 0.0, "PoissonsRatio" : 0.20000000000000001, "ThermalExpansionCoeff" : 9.9000000000000001E-06, "YoungsModulus" : 45788921660.817276, "CylinderStrength" : 82737084.0, "CubeStrength" : 0.0, "EmbodiedCarbon" : 0.12 }
{ "_t" : "BH.oM.Structure.MaterialFragments.Concrete", "BHoM_Guid" : "f86f4414-999f-4de0-bf48-3a35273b1590", "Name" : "12000psiLW", "Fragments" : [], "Tags" : [], "CustomData" : { }, "Density" : 961.11000000000001, "DampingRatio" : 0.0, "PoissonsRatio" : 0.20000000000000001, "ThermalExpansionCoeff" : 9.9000000000000001E-06, "YoungsModulus" : 11583782724.096197, "CylinderStrength" : 82737084.0, "CubeStrength" : 0.0, "EmbodiedCarbon" : 0.12 }
