{ "_t" : "BH.oM.Structure.MaterialFragments.Concrete", "BHoM_Guid" : "bdf4899b-4f25-4db4-b906-068e607b3239", "Name" : "3000psiNW", "Tags" : [], "CustomData" : { }, "Density" : 2402.7750000000001, "DampingRatio" : 0.0, "PoissonsRatio" : 0.20000000000000001, "ThermalExpansionCoeff" : 9.9000000000000001E-06, "YoungsModulus" : 22894460830.408638, "CylinderStrength" : 20684271.0, "CubeStrength" : 0.0 }
{ "_t" : "BH.oM.Structure.MaterialFragments.Concrete", "BHoM_Guid" : "28498222-8c5a-4700-a612-92bdcf011eb7", "Name" : "3000psiLW", "Tags" : [], "CustomData" : { }, "Density" : 961.11000000000001, "DampingRatio" : 0.0, "PoissonsRatio" : 0.20000000000000001, "ThermalExpansionCoeff" : 9.9000000000000001E-06, "YoungsModulus" : 5791891362.0480986, "CylinderStrength" : 20684271.0, "CubeStrength" : 0.0 }
{ "_t" : "BH.oM.Structure.MaterialFragments.Concrete", "BHoM_Guid" : "f67cac1d-547a-4f29-8391-cfa8c89ee119", "Name" : "4000psiNW", "Tags" : [], "CustomData" : { }, "Density" : 2402.7750000000001, "DampingRatio" : 0.0, "PoissonsRatio" : 0.20000000000000001, "ThermalExpansionCoeff" : 9.9000000000000001E-06, "YoungsModulus" : 26436246246.775539, "CylinderStrength" : 27579028.0, "CubeStrength" : 0.0 }
{ "_t" : "BH.oM.Structure.MaterialFragments.Concrete", "BHoM_Guid" : "ff1545f7-cb52-4322-9f66-968cb9df564b", "Name" : "4000psiLW", "Tags" : [], "CustomData" : { }, "Density" : 961.11000000000001, "DampingRatio" : 0.0, "PoissonsRatio" : 0.20000000000000001, "ThermalExpansionCoeff" : 9.9000000000000001E-06, "YoungsModulus" : 6687900073.9910755, "CylinderStrength" : 27579028.0, "CubeStrength" : 0.0 }
{ "_t" : "BH.oM.Structure.MaterialFragments.Concrete", "BHoM_Guid" : "5125148f-5982-45a2-8a83-52a1ee8fce00", "Name" : "5000psiNW", "Tags" : [], "CustomData" : { }, "Density" : 2402.7750000000001, "DampingRatio" : 0.0, "PoissonsRatio" : 0.20000000000000001, "ThermalExpansionCoeff" : 9.9000000000000001E-06, "YoungsModulus" : 29556621838.856892, "CylinderStrength" : 34473785.0, "CubeStrength" : 0.0 }
{ "_t" : "BH.oM.Structure.MaterialFragments.Concrete", "BHoM_Guid" : "75abec9d-c6bd-42d2-9a2c-2bdd26465f71", "Name" : "5000psiLW", "Tags" : [], "CustomData" : { }, "Density" : 961.11000000000001, "DampingRatio" : 0.0, "PoissonsRatio" : 0.20000000000000001, "ThermalExpansionCoeff" : 9.9000000000000001E-06, "YoungsModulus" : 7477299596.084959, "CylinderStrength" : 34473785.0, "CubeStrength" : 0.0 }
{ "_t" : "BH.oM.Structure.MaterialFragments.Concrete", "BHoM_Guid" : "d17cc94a-fb71-4bb3-9b45-85c37756ffff", "Name" : "6000psiNW", "Tags" : [], "CustomData" : { }, "Density" : 2402.7750000000001, "DampingRatio" : 0.0, "PoissonsRatio" : 0.20000000000000001, "ThermalExpansionCoeff" : 9.9000000000000001E-06, "YoungsModulus" : 32377657009.583488, "CylinderStrength" : 41368542.0, "CubeStrength" : 0.0 }
{ "_t" : "BH.oM.Structure.MaterialFragments.Concrete", "BHoM_Guid" : "8fcf509e-506c-405b-872c-24d4f7c5eaea", "Name" : "6000psiLW", "Tags" : [], "CustomData" : { }, "Density" : 961.11000000000001, "DampingRatio" : 0.0, "PoissonsRatio" : 0.20000000000000001, "ThermalExpansionCoeff" : 9.9000000000000001E-06, "YoungsModulus" : 8190971316.0, "CylinderStrength" : 41368542.0, "CubeStrength" : 0.0 }
{ "_t" : "BH.oM.Structure.MaterialFragments.Concrete", "BHoM_Guid" : "e35d8e93-284f-4c84-a23c-f1df1e7b177e", "Name" : "8000psiNW", "Tags" : [], "CustomData" : { }, "Density" : 2402.7750000000001, "DampingRatio" : 0.0, "PoissonsRatio" : 0.20000000000000001, "ThermalExpansionCoeff" : 9.9000000000000001E-06, "YoungsModulus" : 37386497980.424805, "CylinderStrength" : 55158056.0, "CubeStrength" : 0.0 }
{ "_t" : "BH.oM.Structure.MaterialFragments.Concrete", "BHoM_Guid" : "2295205e-c849-4ac1-b526-4f62c693477d", "Name" : "8000psiLW", "Tags" : [], "CustomData" : { }, "Density" : 961.11000000000001, "DampingRatio" : 0.0, "PoissonsRatio" : 0.20000000000000001, "ThermalExpansionCoeff" : 9.9000000000000001E-06, "YoungsModulus" : 9458118988.434206, "CylinderStrength" : 55158056.0, "CubeStrength" : 0.0 }
{ "_t" : "BH.oM.Structure.MaterialFragments.Concrete", "BHoM_Guid" : "c01982a5-6c09-4303-95da-42f5aacfe077", "Name" : "10000psiNW", "Tags" : [], "CustomData" : { }, "Density" : 2402.7750000000001, "DampingRatio" : 0.0, "PoissonsRatio" : 0.20000000000000001, "ThermalExpansionCoeff" : 9.9000000000000001E-06, "YoungsModulus" : 41799375462.444229, "CylinderStrength" : 68947570.0, "CubeStrength" : 0.0 }
{ "_t" : "BH.oM.Structure.MaterialFragments.Concrete", "BHoM_Guid" : "72a72bcc-b745-4b95-9edd-351c7e929f41", "Name" : "10000psiLW", "Tags" : [], "CustomData" : { }, "Density" : 961.11000000000001, "DampingRatio" : 0.0, "PoissonsRatio" : 0.20000000000000001, "ThermalExpansionCoeff" : 9.9000000000000001E-06, "YoungsModulus" : 10574498498.710215, "CylinderStrength" : 68947570.0, "CubeStrength" : 0.0 }
{ "_t" : "BH.oM.Structure.MaterialFragments.Concrete", "BHoM_Guid" : "234ac9d4-aa28-42f1-b1f9-979696b7953b", "Name" : "12000psiNW", "Tags" : [], "CustomData" : { }, "Density" : 2402.7750000000001, "DampingRatio" : 0.0, "PoissonsRatio" : 0.20000000000000001, "ThermalExpansionCoeff" : 9.9000000000000001E-06, "YoungsModulus" : 45788921660.817276, "CylinderStrength" : 82737084.0, "CubeStrength" : 0.0 }
{ "_t" : "BH.oM.Structure.MaterialFragments.Concrete", "BHoM_Guid" : "c668391a-3b59-47a9-a52a-befedf223a5a", "Name" : "12000psiLW", "Tags" : [], "CustomData" : { }, "Density" : 961.11000000000001, "DampingRatio" : 0.0, "PoissonsRatio" : 0.20000000000000001, "ThermalExpansionCoeff" : 9.9000000000000001E-06, "YoungsModulus" : 11583782724.096197, "CylinderStrength" : 82737084.0, "CubeStrength" : 0.0 }
