{ "_t" : "BH.oM.Structure.MaterialFragments.Steel", "BHoM_Guid" : "036f6f85-c054-406c-ab0c-e851cdf24a42", "Name" : "A36", "Tags" : [], "CustomData" : { }, "Density" : 7850.0, "DampingRatio" : 0.0, "PoissonsRatio" : 0.29999999999999999, "ThermalExpansionCoeff" : 1.2E-05, "YoungsModulus" : 210000000000.0, "YieldStress" : 248211284.02256799, "UltimateStress" : 399895957.59191501 }
{ "_t" : "BH.oM.Structure.MaterialFragments.Steel", "BHoM_Guid" : "078c7f59-68cc-4d5d-95f8-cace9d3fcdf7", "Name" : "A500GrB42", "Tags" : [], "CustomData" : { }, "Density" : 7850.0, "DampingRatio" : 0.0, "PoissonsRatio" : 0.29999999999999999, "ThermalExpansionCoeff" : 1.2E-05, "YoungsModulus" : 210000000000.0, "YieldStress" : 289579831.35966301, "UltimateStress" : 399895957.59191501 }
{ "_t" : "BH.oM.Structure.MaterialFragments.Steel", "BHoM_Guid" : "55b49bdb-069a-4490-b228-229fe8bea7a9", "Name" : "A500GrB46", "Tags" : [], "CustomData" : { }, "Density" : 7850.0, "DampingRatio" : 0.0, "PoissonsRatio" : 0.29999999999999999, "ThermalExpansionCoeff" : 1.2E-05, "YoungsModulus" : 210000000000.0, "YieldStress" : 317158862.91772598, "UltimateStress" : 399895957.59191501 }
{ "_t" : "BH.oM.Structure.MaterialFragments.Steel", "BHoM_Guid" : "28d6aa5f-956b-4a5c-b2bf-44e9b12cff40", "Name" : "A500GrC", "Tags" : [], "CustomData" : { }, "Density" : 7850.0, "DampingRatio" : 0.0, "PoissonsRatio" : 0.29999999999999999, "ThermalExpansionCoeff" : 1.2E-05, "YoungsModulus" : 210000000000.0, "YieldStress" : 344737894.47578901, "UltimateStress" : 427474989.14997798 }
{ "_t" : "BH.oM.Structure.MaterialFragments.Steel", "BHoM_Guid" : "4ffbdf24-d258-4e60-8c77-58d1eb8b10da", "Name" : "A53GrB", "Tags" : [], "CustomData" : { }, "Density" : 7850.0, "DampingRatio" : 0.0, "PoissonsRatio" : 0.29999999999999999, "ThermalExpansionCoeff" : 1.2E-05, "YoungsModulus" : 210000000000.0, "YieldStress" : 241316526.13305199, "UltimateStress" : 413685473.370947 }
{ "_t" : "BH.oM.Structure.MaterialFragments.Steel", "BHoM_Guid" : "cbcb4af7-f475-48a7-96b7-de477f5a6609", "Name" : "A572Gr50", "Tags" : [], "CustomData" : { }, "Density" : 7850.0, "DampingRatio" : 0.0, "PoissonsRatio" : 0.29999999999999999, "ThermalExpansionCoeff" : 1.2E-05, "YoungsModulus" : 210000000000.0, "YieldStress" : 344737894.47578901, "UltimateStress" : 448159262.81852603 }
{ "_t" : "BH.oM.Structure.MaterialFragments.Steel", "BHoM_Guid" : "a916d604-5053-4c84-8f5c-7a0a94f33fc4", "Name" : "A709Gr30", "Tags" : [], "CustomData" : { }, "Density" : 7850.0, "DampingRatio" : 0.0, "PoissonsRatio" : 0.29999999999999999, "ThermalExpansionCoeff" : 1.2E-05, "YoungsModulus" : 210000000000.0, "YieldStress" : 248211284.02256799, "UltimateStress" : 399895957.59191501 }
{ "_t" : "BH.oM.Structure.MaterialFragments.Steel", "BHoM_Guid" : "518fda7d-fe23-4bfd-8747-29d723985e96", "Name" : "A709Gr50", "Tags" : [], "CustomData" : { }, "Density" : 7850.0, "DampingRatio" : 0.0, "PoissonsRatio" : 0.29999999999999999, "ThermalExpansionCoeff" : 1.2E-05, "YoungsModulus" : 210000000000.0, "YieldStress" : 344737894.47578901, "UltimateStress" : 448159262.81852603 }
{ "_t" : "BH.oM.Structure.MaterialFragments.Steel", "BHoM_Guid" : "c3f1a108-ec39-4e89-adca-5d4222c8f68a", "Name" : "A709Gr50S", "Tags" : [], "CustomData" : { }, "Density" : 7850.0, "DampingRatio" : 0.0, "PoissonsRatio" : 0.29999999999999999, "ThermalExpansionCoeff" : 1.2E-05, "YoungsModulus" : 210000000000.0, "YieldStress" : 344737894.47578901, "UltimateStress" : 448159262.81852603 }
{ "_t" : "BH.oM.Structure.MaterialFragments.Steel", "BHoM_Guid" : "95125d27-2b67-43d5-86c5-fcd580fe6942", "Name" : "A709Gr50W", "Tags" : [], "CustomData" : { }, "Density" : 7850.0, "DampingRatio" : 0.0, "PoissonsRatio" : 0.29999999999999999, "ThermalExpansionCoeff" : 1.2E-05, "YoungsModulus" : 210000000000.0, "YieldStress" : 344737894.47578901, "UltimateStress" : 482633052.266105 }
{ "_t" : "BH.oM.Structure.MaterialFragments.Steel", "BHoM_Guid" : "2a42422e-1a88-406c-a21b-ce6dc6b83a6a", "Name" : "A709GrHPS100W", "Tags" : [], "CustomData" : { }, "Density" : 7850.0, "DampingRatio" : 0.0, "PoissonsRatio" : 0.29999999999999999, "ThermalExpansionCoeff" : 1.2E-05, "YoungsModulus" : 210000000000.0, "YieldStress" : 620528210.05641997, "UltimateStress" : 689475788.95157802 }
{ "_t" : "BH.oM.Structure.MaterialFragments.Steel", "BHoM_Guid" : "6e2376d7-d759-4c12-93b4-a4de98057fbd", "Name" : "A709GrHPS50W", "Tags" : [], "CustomData" : { }, "Density" : 7850.0, "DampingRatio" : 0.0, "PoissonsRatio" : 0.29999999999999999, "ThermalExpansionCoeff" : 1.2E-05, "YoungsModulus" : 210000000000.0, "YieldStress" : 344737894.47578901, "UltimateStress" : 482633052.266105 }
{ "_t" : "BH.oM.Structure.MaterialFragments.Steel", "BHoM_Guid" : "0563a4f1-d9f5-49c9-a599-a42392d19cf0", "Name" : "A709GrHPS70W", "Tags" : [], "CustomData" : { }, "Density" : 7850.0, "DampingRatio" : 0.0, "PoissonsRatio" : 0.29999999999999999, "ThermalExpansionCoeff" : 1.2E-05, "YoungsModulus" : 210000000000.0, "YieldStress" : 482633052.266105, "UltimateStress" : 586054420.60884094 }
{ "_t" : "BH.oM.Structure.MaterialFragments.Steel", "BHoM_Guid" : "63c2bfa2-4d76-48a5-8627-a421d8a81d82", "Name" : "A913Gr50", "Tags" : [], "CustomData" : { }, "Density" : 7850.0, "DampingRatio" : 0.0, "PoissonsRatio" : 0.29999999999999999, "ThermalExpansionCoeff" : 1.2E-05, "YoungsModulus" : 210000000000.0, "YieldStress" : 344737894.47578901, "UltimateStress" : 413685473.370947 }
{ "_t" : "BH.oM.Structure.MaterialFragments.Steel", "BHoM_Guid" : "8ee769da-ee8f-4799-ac9b-3d2603878f4e", "Name" : "A992Fy50", "Tags" : [], "CustomData" : { }, "Density" : 7850.0, "DampingRatio" : 0.0, "PoissonsRatio" : 0.29999999999999999, "ThermalExpansionCoeff" : 1.2E-05, "YoungsModulus" : 210000000000.0, "YieldStress" : 344737894.47578901, "UltimateStress" : 448159262.81852603 }
