{ "_t" : "BH.oM.Structure.MaterialFragments.Steel", "BHoM_Guid" : "f86eca88-8449-48f2-af43-7dff4e3c5cdd", "Name" : "A36", "Fragments" : [], "Tags" : [], "CustomData" : { }, "Density" : 7850.0, "DampingRatio" : 0.0, "PoissonsRatio" : 0.29999999999999999, "ThermalExpansionCoeff" : 1.2E-05, "YoungsModulus" : 210000000000.0, "YieldStress" : 248211284.02256799, "UltimateStress" : 399895957.59191501, "EmbodiedCarbon" : 1.3 }
{ "_t" : "BH.oM.Structure.MaterialFragments.Steel", "BHoM_Guid" : "d04cd537-649d-4636-bdc7-d09a7904296a", "Name" : "A500GrB42", "Fragments" : [], "Tags" : [], "CustomData" : { }, "Density" : 7850.0, "DampingRatio" : 0.0, "PoissonsRatio" : 0.29999999999999999, "ThermalExpansionCoeff" : 1.2E-05, "YoungsModulus" : 210000000000.0, "YieldStress" : 289579831.35966301, "UltimateStress" : 399895957.59191501, "EmbodiedCarbon" : 1.3 }
{ "_t" : "BH.oM.Structure.MaterialFragments.Steel", "BHoM_Guid" : "32424fb3-5106-46f1-8687-836b68f29f7c", "Name" : "A500GrB46", "Fragments" : [], "Tags" : [], "CustomData" : { }, "Density" : 7850.0, "DampingRatio" : 0.0, "PoissonsRatio" : 0.29999999999999999, "ThermalExpansionCoeff" : 1.2E-05, "YoungsModulus" : 210000000000.0, "YieldStress" : 317158862.91772598, "UltimateStress" : 399895957.59191501, "EmbodiedCarbon" : 1.3 }
{ "_t" : "BH.oM.Structure.MaterialFragments.Steel", "BHoM_Guid" : "27138353-d292-41ac-ab4a-0dbb63254ee7", "Name" : "A500GrC", "Fragments" : [], "Tags" : [], "CustomData" : { }, "Density" : 7850.0, "DampingRatio" : 0.0, "PoissonsRatio" : 0.29999999999999999, "ThermalExpansionCoeff" : 1.2E-05, "YoungsModulus" : 210000000000.0, "YieldStress" : 344737894.47578901, "UltimateStress" : 427474989.14997798, "EmbodiedCarbon" : 1.3 }
{ "_t" : "BH.oM.Structure.MaterialFragments.Steel", "BHoM_Guid" : "b27d0113-6ce7-4ba5-b0d1-3ec77b898505", "Name" : "A53GrB", "Fragments" : [], "Tags" : [], "CustomData" : { }, "Density" : 7850.0, "DampingRatio" : 0.0, "PoissonsRatio" : 0.29999999999999999, "ThermalExpansionCoeff" : 1.2E-05, "YoungsModulus" : 210000000000.0, "YieldStress" : 241316526.13305199, "UltimateStress" : 413685473.370947, "EmbodiedCarbon" : 1.3 }
{ "_t" : "BH.oM.Structure.MaterialFragments.Steel", "BHoM_Guid" : "97061506-3293-4bfb-97a1-eff20da9ca01", "Name" : "A572Gr50", "Fragments" : [], "Tags" : [], "CustomData" : { }, "Density" : 7850.0, "DampingRatio" : 0.0, "PoissonsRatio" : 0.29999999999999999, "ThermalExpansionCoeff" : 1.2E-05, "YoungsModulus" : 210000000000.0, "YieldStress" : 344737894.47578901, "UltimateStress" : 448159262.81852603, "EmbodiedCarbon" : 1.3 }
{ "_t" : "BH.oM.Structure.MaterialFragments.Steel", "BHoM_Guid" : "6aba5bec-d9d3-47d1-9f7f-5385584e5bc1", "Name" : "A709Gr30", "Fragments" : [], "Tags" : [], "CustomData" : { }, "Density" : 7850.0, "DampingRatio" : 0.0, "PoissonsRatio" : 0.29999999999999999, "ThermalExpansionCoeff" : 1.2E-05, "YoungsModulus" : 210000000000.0, "YieldStress" : 248211284.02256799, "UltimateStress" : 399895957.59191501, "EmbodiedCarbon" : 1.3 }
{ "_t" : "BH.oM.Structure.MaterialFragments.Steel", "BHoM_Guid" : "79490bd8-2433-4f68-80ca-2a60b8752f2c", "Name" : "A709Gr50", "Fragments" : [], "Tags" : [], "CustomData" : { }, "Density" : 7850.0, "DampingRatio" : 0.0, "PoissonsRatio" : 0.29999999999999999, "ThermalExpansionCoeff" : 1.2E-05, "YoungsModulus" : 210000000000.0, "YieldStress" : 344737894.47578901, "UltimateStress" : 448159262.81852603, "EmbodiedCarbon" : 1.3 }
{ "_t" : "BH.oM.Structure.MaterialFragments.Steel", "BHoM_Guid" : "5d5ac035-cb8a-45fa-8ea9-ca34093c4e80", "Name" : "A709Gr50S", "Fragments" : [], "Tags" : [], "CustomData" : { }, "Density" : 7850.0, "DampingRatio" : 0.0, "PoissonsRatio" : 0.29999999999999999, "ThermalExpansionCoeff" : 1.2E-05, "YoungsModulus" : 210000000000.0, "YieldStress" : 344737894.47578901, "UltimateStress" : 448159262.81852603, "EmbodiedCarbon" : 1.3 }
{ "_t" : "BH.oM.Structure.MaterialFragments.Steel", "BHoM_Guid" : "566df936-cf86-4a46-ad86-eb7a45036591", "Name" : "A709Gr50W", "Fragments" : [], "Tags" : [], "CustomData" : { }, "Density" : 7850.0, "DampingRatio" : 0.0, "PoissonsRatio" : 0.29999999999999999, "ThermalExpansionCoeff" : 1.2E-05, "YoungsModulus" : 210000000000.0, "YieldStress" : 344737894.47578901, "UltimateStress" : 482633052.266105, "EmbodiedCarbon" : 1.3 }
{ "_t" : "BH.oM.Structure.MaterialFragments.Steel", "BHoM_Guid" : "d80caa4c-a58e-4f18-b804-f5410341b025", "Name" : "A709GrHPS100W", "Fragments" : [], "Tags" : [], "CustomData" : { }, "Density" : 7850.0, "DampingRatio" : 0.0, "PoissonsRatio" : 0.29999999999999999, "ThermalExpansionCoeff" : 1.2E-05, "YoungsModulus" : 210000000000.0, "YieldStress" : 620528210.05641997, "UltimateStress" : 689475788.95157802, "EmbodiedCarbon" : 1.3 }
{ "_t" : "BH.oM.Structure.MaterialFragments.Steel", "BHoM_Guid" : "a47a6505-6483-422e-ac1b-d7cc8648ccd9", "Name" : "A709GrHPS50W", "Fragments" : [], "Tags" : [], "CustomData" : { }, "Density" : 7850.0, "DampingRatio" : 0.0, "PoissonsRatio" : 0.29999999999999999, "ThermalExpansionCoeff" : 1.2E-05, "YoungsModulus" : 210000000000.0, "YieldStress" : 344737894.47578901, "UltimateStress" : 482633052.266105, "EmbodiedCarbon" : 1.3 }
{ "_t" : "BH.oM.Structure.MaterialFragments.Steel", "BHoM_Guid" : "f092a08a-a46b-497b-93b9-d7d2dde9f903", "Name" : "A709GrHPS70W", "Fragments" : [], "Tags" : [], "CustomData" : { }, "Density" : 7850.0, "DampingRatio" : 0.0, "PoissonsRatio" : 0.29999999999999999, "ThermalExpansionCoeff" : 1.2E-05, "YoungsModulus" : 210000000000.0, "YieldStress" : 482633052.266105, "UltimateStress" : 586054420.60884094, "EmbodiedCarbon" : 1.3 }
{ "_t" : "BH.oM.Structure.MaterialFragments.Steel", "BHoM_Guid" : "b5150310-94e7-43bb-a082-1b72f8200e32", "Name" : "A913Gr50", "Fragments" : [], "Tags" : [], "CustomData" : { }, "Density" : 7850.0, "DampingRatio" : 0.0, "PoissonsRatio" : 0.29999999999999999, "ThermalExpansionCoeff" : 1.2E-05, "YoungsModulus" : 210000000000.0, "YieldStress" : 344737894.47578901, "UltimateStress" : 413685473.370947, "EmbodiedCarbon" : 1.3 }
{ "_t" : "BH.oM.Structure.MaterialFragments.Steel", "BHoM_Guid" : "db178ee6-ae82-4c10-a010-8c2aacc37a0f", "Name" : "A992Fy50", "Fragments" : [], "Tags" : [], "CustomData" : { }, "Density" : 7850.0, "DampingRatio" : 0.0, "PoissonsRatio" : 0.29999999999999999, "ThermalExpansionCoeff" : 1.2E-05, "YoungsModulus" : 210000000000.0, "YieldStress" : 344737894.47578901, "UltimateStress" : 448159262.81852603, "EmbodiedCarbon" : 1.3 }
